Peptide	Prev AA	Next AA	Peptide Length	Charges	Probability	Spectral Count	Intensity	Assigned Modifications	Observed Modifications	Protein	Protein ID	Entry Name	Gene	Protein Description	Mapped Genes	Mapped Proteins	carrier	sample-01	blank	sample-02	sample-03	sample-04	sample-05	sample-06	sample-07	sample-8
AVLVDLEPGTMDSVR	R	S	15	2	0.9999	72	3281081427.937500	N-term(229.1629)		sp|P04350|TBB4A_HUMAN	P04350	TBB4A_HUMAN	TUBB4A	Tubulin beta-4A chain	TUBB4B, TUBB8	sp|P68371|TBB4B_HUMAN, sp|Q3ZCM7|TBB8_HUMAN	2391165.8196	387958.3558	8344.0141	410517.1857	364853.2363	412265.5615	413539.8785	384698.3026	400474.7666	365541.0015
GISGGRIHMSVLGR	R	L	14	2	0.9950	28	15071834770.750000	9M(15.9949), N-term(229.1629)		sp|O76031|CLPX_HUMAN	O76031	CLPX_HUMAN	CLPX	ATP-dependent Clp protease ATP-binding subunit clpX-like, mitochondrial			46400918.4551	10166476.3519	603274.0588	9339434.0601	10852904.5925	11780861.9765	10324034.0566	12583687.1723	12182473.7374	13022774.2921
GLSEDTLVLPPASR	R	N	14	2	1.0000	217	119814786512.500000	N-term(229.1629)		sp|Q86U10|LPP60_HUMAN	Q86U10	LPP60_HUMAN	ASPG	60 kDa lysophospholipase			191703901.2021	14508424.9209	2243052.8169	15326519.6695	14365097.1329	18185845.0448	15310751.6405	16325019.5036	16605852.7381	15605954.7429
HPDGIAVPVMLPR	K	R	13	2	0.9854	1	813828032.000000			sp|Q96BT7|ALKB8_HUMAN	Q96BT7	ALKB8_HUMAN	ALKBH8	Alkylated DNA repair protein alkB homolog 8			0.0000	0.0000	0.0000	0.0000	0.0000	0.0000	0.0000	0.0000	0.0000	0.0000
LGASVLTVASR	R	G	11	2	0.9426	13	3018046468.000000	N-term(229.1629)		sp|Q68DC2|ANKS6_HUMAN	Q68DC2	ANKS6_HUMAN	ANKS6	Ankyrin repeat and SAM domain-containing protein 6			7800850.0117	1030416.9974	107771.4927	1121192.8404	1042329.5320	1215191.7286	1038416.0068	1108711.0523	970307.0716	1082056.3136
MPPPPRHR	R	R	8	2	0.9499	7	552713275.375000	N-term(229.1629)		sp|Q8IYB3|SRRM1_HUMAN	Q8IYB3	SRRM1_HUMAN	SRRM1	Serine/arginine repetitive matrix protein 1			1061360.4854	22704.1812	2126.2148	29153.9609	906.3289	34041.4371	34941.5344	1155.4995	33990.8109	1064.2371
SLPAELGNMVSLR	R	E	13	2	0.9666	1	79833696.000000	9M(15.9949)		sp|Q96LI5|CNO6L_HUMAN	Q96LI5	CNO6L_HUMAN	CNOT6L	CCR4-NOT transcription complex subunit 6-like	CNOT6	sp|Q9ULM6|CNOT6_HUMAN	20604.5898	6054.5967	460.9853	4884.9419	4820.7461	9182.9863	4671.1753	4485.7856	5850.1831	6986.7295
SSASAPPTLR	R	P	10	2	0.9997	427	76462822148.875000	N-term(229.1629)		sp|Q6EMB2|TTLL5_HUMAN	Q6EMB2	TTLL5_HUMAN	TTLL5	Tubulin polyglutamylase TTLL5			131361412.7936	9949469.9164	1117514.4876	10212151.7934	10313629.7342	12475807.9380	10279104.0606	10983685.5947	11420402.3351	12097790.7262
SSAVGPRGPR	M	P	10	2	0.9508	2	387154240.000000	N-term(229.1629)		sp|Q86UR5|RIMS1_HUMAN	Q86UR5	RIMS1_HUMAN	RIMS1	Regulating synaptic membrane exocytosis protein 1			0.0000	0.0000	0.0000	0.0000	0.0000	0.0000	0.0000	0.0000	0.0000	0.0000
SSSSYVK	R	R	7	2	0.9512	14	2594541370.125000	7K(229.1629), N-term(229.1629)		sp|Q2M2W7|CQ058_HUMAN	Q2M2W7	CQ058_HUMAN	C17orf58	UPF0450 protein C17orf58		rev_sp|Q5HY98|ZN766_HUMAN	49223.4712	0.0000	458.0565	0.0000	1186.1794	751.7996	860.9078	1354.8978	1080.4578	979.3914
VALVYGQMNEPPGAR	K	A	15	2	0.9999	75	4298429160.406250	N-term(229.1629)		sp|P06576|ATPB_HUMAN	P06576	ATPB_HUMAN	ATP5F1B	ATP synthase subunit beta, mitochondrial			5162270.8674	889577.1953	58400.2678	879280.7926	854640.3859	994694.3605	923508.9794	912058.3981	939431.8567	889454.3423
